id,game_id,round,vote_type,phase,voter_label,target_label,at
c9722676-d7b7-4ec0-9f6f-2c6f14253654,1,1,liar_vote,debate,W,H,2026-08-27T07:51:57.007866+00:00
7597f18b-8650-4452-a73c-39dd2474b2f8,1,1,liar_vote,debate,X,H,2026-08-27T07:52:22.231914+00:00
fb6ecc15-7122-4cb0-9224-7d0ea6676f1d,1,1,liar_vote,debate,G,H,2026-08-27T07:53:29.041183+00:00
aec46b2d-a2ba-4219-a4fc-73bf4f0ece1f,1,1,liar_vote,debate,H,G,2026-08-27T07:53:43.27308+00:00
960e8b47-e11e-4650-924d-a2180fad0c0b,1,1,life_vote,lifeVote,W,H,2026-08-27T07:54:56.983828+00:00
c6d3b7a5-84a1-451a-97c6-43ee09614933,1,1,life_vote,lifeVote,T,H,2026-08-27T07:54:59.080167+00:00
1bc14e28-29ef-4af5-8038-39a132d3c3c7,1,1,life_vote,lifeVote,G,H,2026-08-27T07:55:00.675717+00:00
d872bab7-8956-4641-9b4d-9c8a49282c50,1,1,life_vote,lifeVote,X,H,2026-08-27T07:55:02.186296+00:00
6bc4dcb1-635f-4d9d-a30a-95280a1bf1ef,2,1,liar_vote,debate,G,Z,2026-08-28T07:22:40.725046+00:00
61740e98-b73d-46ac-a0b2-f0c85f21f29c,2,1,liar_vote,debate,J,F,2026-08-28T07:24:10.821415+00:00
4507d47d-0598-41d8-aac4-788eaa506852,2,1,liar_vote,debate,M,F,2026-08-28T07:24:14.004183+00:00
ca7ef1aa-b033-4eab-908c-29058bf63279,2,1,liar_vote,debate,F,Z,2026-08-28T07:24:14.307238+00:00
446a539a-6ba7-4172-a7df-eeeaaa6ebb6c,2,1,liar_vote,debate,Z,F,2026-08-28T07:24:15.050578+00:00
a0802cc1-f1a7-42ca-9757-8d9a2f144fd6,2,1,liar_vote,debate,G,F,2026-08-28T07:24:18.57285+00:00
d6422755-7fd7-4dc2-ab89-0b2cf43a3e40,2,1,life_vote,lifeVote,G,F,2026-08-28T07:25:27.578735+00:00
705e5abd-a1dd-4163-9736-72009b1cd960,2,1,life_vote,lifeVote,Z,F,2026-08-28T07:25:29.93618+00:00
8e200df1-af8d-4cd6-a6c8-fccb8c12e5a3,2,1,life_vote,lifeVote,J,F,2026-08-28T07:25:31.712519+00:00
72c98600-6c29-48d6-9685-95cb4a765b37,2,1,life_vote,lifeVote,M,F,2026-08-28T07:25:33.201013+00:00
6362ed67-1ca2-4f35-9d98-74a3186777a6,3,1,liar_vote,debate,L,T,2026-08-28T07:29:11.302906+00:00
d071c049-d94b-4a8d-b43c-3c0b40fa6dc2,3,1,liar_vote,debate,P,L,2026-08-28T07:29:15.271413+00:00
423469cd-9a96-4e5e-9ba5-78f04cfa2399,3,1,liar_vote,debate,Y,T,2026-08-28T07:29:18.369727+00:00
674b410a-40a6-4440-a82f-45ec90b3ab30,3,1,liar_vote,debate,H,L,2026-08-28T07:29:23.145906+00:00
75a166fe-53e9-4863-acf7-9f8aa04bd2e7,3,1,liar_vote,debate,Y,L,2026-08-28T07:30:03.879163+00:00
1ceb0f46-4ffa-44f5-84f2-af0be3f7f9d2,3,1,liar_vote,debate,T,L,2026-08-28T07:30:07.353879+00:00
4f23b0f6-ff91-462b-a8a5-00d679dffe6b,3,1,life_vote,lifeVote,P,L,2026-08-28T07:31:33.621139+00:00
4f6d2ea1-0335-41e0-992b-cf3c8cc791cd,3,1,life_vote,lifeVote,H,L,2026-08-28T07:31:34.161413+00:00
ef7631dd-264c-4f21-bed2-9b583cb542d8,3,1,life_vote,lifeVote,Y,L,2026-08-28T07:31:34.38075+00:00
22d07f57-5c38-4d4d-ad0c-b549ef8ada27,3,1,life_vote,lifeVote,T,L,2026-08-28T07:31:35.111033+00:00
ee5ddf67-9745-4d24-a49c-5b2faa032b6b,4,1,liar_vote,debate,V,A,2026-08-28T07:38:12.272932+00:00
4256ae7b-a052-43aa-9217-a39f0fcec6b3,4,1,liar_vote,debate,P,O,2026-08-28T07:38:16.7069+00:00
d3f76cde-2057-4789-8957-429d7ba15d11,4,1,liar_vote,debate,A,V,2026-08-28T07:39:27.194713+00:00
694f5c48-c325-4be2-af78-d7a0735bc852,4,1,liar_vote,debate,O,V,2026-08-28T07:39:28.121044+00:00
e063a1d3-878d-4e8f-9c29-f8c7509c5cf2,4,1,liar_vote,debate,P,V,2026-08-28T07:39:43.168489+00:00
21e44a26-5a47-418e-860b-9a6707038d8c,4,1,life_vote,lifeVote,W,V,2026-08-28T07:41:14.589872+00:00
8ae1d3b2-b1de-4ff6-919a-a39898680264,4,1,life_vote,lifeVote,P,V,2026-08-28T07:41:14.965071+00:00
5066fd4b-2c57-455c-99b0-519610adbffe,4,1,life_vote,lifeVote,O,V,2026-08-28T07:41:15.738307+00:00
7e321e3e-23dc-45c9-acd6-60435b323a87,4,1,life_vote,lifeVote,A,V,2026-08-28T07:41:17.774738+00:00
a350b93e-f3dd-4517-9132-bf485154ccf5,5,1,liar_vote,debate,M,Y,2026-08-28T07:47:20.715729+00:00
97ef1eb3-8369-41ab-990c-78d08e3f47af,5,1,liar_vote,debate,P,Y,2026-08-28T07:47:30.973187+00:00
0ae214e1-0304-4356-b70e-4b68d8e7c3fd,5,1,liar_vote,debate,B,Y,2026-08-28T07:47:41.24589+00:00
c493d1e8-d6dd-42ea-afb5-b86b0292e146,5,1,liar_vote,debate,X,Y,2026-08-28T07:47:45.863158+00:00
78426cd0-5dda-4589-bbd4-e424d27274a9,5,1,liar_vote,debate,M,Y,2026-08-28T07:49:02.782144+00:00
5a972550-44c9-4693-80ac-52a9693f4aa3,5,1,life_vote,lifeVote,B,Y,2026-08-28T07:50:15.650138+00:00
24bb0e8d-7c70-425f-96fe-5562891d0460,5,1,life_vote,lifeVote,P,P,2026-08-28T07:50:17.010432+00:00
cdb9f97d-70e8-455d-9a97-429759cfab69,5,1,life_vote,lifeVote,X,Y,2026-08-28T07:50:17.616276+00:00
4511607c-77d1-4b25-9101-20f827aca9ec,5,1,life_vote,lifeVote,M,M,2026-08-28T07:50:18.661632+00:00
794d7666-910e-4788-b5c7-1caff3c73b10,5,2,liar_vote,debate,X,M,2026-08-28T07:51:18.791217+00:00
7f5d1202-02f5-4ad0-b6a1-8942aa2df61a,5,2,liar_vote,debate,B,M,2026-08-28T07:51:23.924596+00:00
51322871-37f0-43f3-b19b-bfb3d4999bbd,5,2,liar_vote,debate,Y,M,2026-08-28T07:51:45.979263+00:00
904a59d0-1ec5-46e6-aa97-3a0f208f6014,5,2,liar_vote,debate,P,Y,2026-08-28T07:52:12.357374+00:00
71512853-8f46-42ad-926a-5125a2f225ff,5,2,life_vote,lifeVote,B,M,2026-08-28T07:53:18.342059+00:00
c0751db6-28d9-4d69-b7fd-f572dfcfe0be,5,2,life_vote,lifeVote,Y,M,2026-08-28T07:53:19.971808+00:00
7a95c9ad-e3ee-4515-bc0d-a48880cbe982,5,2,life_vote,lifeVote,X,X,2026-08-28T07:53:21.122419+00:00
1e4d47b5-f6d4-4a26-8232-acf6275a6589,5,2,life_vote,lifeVote,P,P,2026-08-28T07:53:32.894383+00:00
03ceddaa-09b2-4dfe-a8a7-c9c07f94dc3c,5,3,liar_vote,debate,B,Y,2026-08-28T07:53:33.223002+00:00
7ecf00b4-e980-41ea-949a-8111a79b1ca9,5,3,liar_vote,debate,X,Y,2026-08-28T07:53:46.020655+00:00
58f1d4f1-db78-4c41-b057-6df423daee41,5,3,liar_vote,debate,P,Y,2026-08-28T07:53:48.629594+00:00
061e75b4-cf89-414a-9d90-859ff5404c3b,5,3,liar_vote,debate,M,P,2026-08-28T07:55:13.257083+00:00
faa732d3-e309-4f39-8210-21c1221d0eeb,5,3,liar_vote,debate,Y,P,2026-08-28T07:55:16.084057+00:00
818d5eb6-77b6-4f23-afb8-7bf2aa83223e,5,3,life_vote,lifeVote,B,Y,2026-08-28T07:56:32.89503+00:00
7f93ea76-9049-414d-86de-cedeb90f3fc3,5,3,life_vote,lifeVote,X,Y,2026-08-28T07:56:34.284505+00:00
f1884afc-fdc6-49ca-80ee-b5834707dfc8,5,3,life_vote,lifeVote,P,Y,2026-08-28T07:56:36.416598+00:00
7f17ec9f-9548-44cc-9350-192197afd156,6,1,liar_vote,debate,E,W,2026-08-28T08:26:21.77528+00:00
23beefcb-e54e-4e8d-8f67-adcb87868303,6,1,liar_vote,debate,F,W,2026-08-28T08:26:26.220298+00:00
90c71729-2257-4351-84d9-79552106feed,6,1,liar_vote,debate,O,W,2026-08-28T08:26:30.225552+00:00
677b8179-f6b6-40ea-84a4-0f781178cfa3,6,1,liar_vote,debate,W,E,2026-08-28T08:26:59.026138+00:00
c32b73e2-399c-4ba1-a0c9-2081810ecd6e,6,1,liar_vote,debate,V,E,2026-08-28T08:27:32.329744+00:00
9e58b008-998e-4705-9dcc-7b280844e97d,6,1,liar_vote,debate,V,W,2026-08-28T08:27:36.441481+00:00
a97ed9af-b1ab-46f1-b807-a25162711934,6,1,liar_vote,debate,F,E,2026-08-28T08:27:36.896501+00:00
77afb5b1-13d9-4947-944a-e3e9bc0f5c5a,6,1,liar_vote,debate,F,W,2026-08-28T08:27:38.871525+00:00
54d805d6-5770-4946-8c4e-15e09fe90b58,6,1,liar_vote,debate,F,E,2026-08-28T08:27:40.468968+00:00
b54b5623-c931-4506-9908-a072e7e9818f,6,1,liar_vote,debate,F,W,2026-08-28T08:27:41.023205+00:00
7dcda15b-e4fa-4aba-8bdb-fcce74852954,6,1,life_vote,lifeVote,O,W,2026-08-28T08:29:00.723062+00:00
5a8c553a-5834-472e-9600-0d8a4c500ebd,6,1,life_vote,lifeVote,E,E,2026-08-28T08:29:01.857566+00:00
6fe897b1-131d-4354-998b-13ce20480603,6,1,life_vote,lifeVote,V,W,2026-08-28T08:29:02.175126+00:00
b5a05850-c296-4470-8bca-fb46263bf35e,6,1,life_vote,lifeVote,F,W,2026-08-28T08:29:02.278738+00:00
99e3584f-3b23-4ff2-8be4-09ae099aec34,7,1,liar_vote,debate,U,F,2026-08-31T02:25:46.982292+00:00
70867c58-8b07-4958-b690-7051ba7fed7d,7,1,liar_vote,debate,K,H,2026-08-31T02:26:08.835446+00:00
0cf41546-f258-45bf-93f7-5cb91d829151,7,1,liar_vote,debate,H,F,2026-08-31T02:27:38.17688+00:00
b6eba921-d98a-4d9a-9ab1-af741b6e2aed,7,1,life_vote,lifeVote,U,F,2026-08-31T02:28:38.477373+00:00
1fcaf156-33e8-4b12-b726-d8f46a6b2fa9,7,1,life_vote,lifeVote,K,K,2026-08-31T02:28:41.68323+00:00
ca4e8b1e-34b3-4c82-8df1-44180989227b,7,1,life_vote,lifeVote,H,H,2026-08-31T02:28:43.140597+00:00
c469dd1b-0468-41a8-9432-a0db1afcbf16,7,2,liar_vote,debate,K,H,2026-08-31T02:28:56.259438+00:00
50cf3187-6354-4ce0-a6e7-deb459e3c3f5,7,2,liar_vote,debate,U,H,2026-08-31T02:29:07.959467+00:00
b90aee23-102a-4533-a19a-02d72c2c6dc8,7,2,liar_vote,debate,F,H,2026-08-31T02:29:09.808768+00:00
4ccc3710-8544-404a-ae08-463f3da7003f,7,2,liar_vote,debate,K,U,2026-08-31T02:29:37.355616+00:00
e012bc3b-1c94-4f47-b4af-3d94511e8605,7,2,liar_vote,debate,H,U,2026-08-31T02:29:41.14049+00:00
04970f58-c68e-4c09-827f-228bab6f8a51,7,2,liar_vote,debate,F,U,2026-08-31T02:29:44.43836+00:00
14a4a1d9-5af0-4c34-9f4f-ab2cbb7d22bd,7,2,life_vote,lifeVote,F,U,2026-08-31T02:31:51.958908+00:00
97d45dc7-a714-41b9-b39b-4f43afe5a890,7,2,life_vote,lifeVote,K,U,2026-08-31T02:31:52.914342+00:00
c7b6fac0-5082-43bb-b8a7-007ca6f3667a,8,1,liar_vote,debate,L,P,2026-08-31T02:39:31.647054+00:00
04684f5c-5869-4925-9479-08d1ca04d352,8,1,liar_vote,debate,P,Y,2026-08-31T02:39:37.231088+00:00
b7906082-6a7e-4145-9e2d-8769db54b144,8,1,liar_vote,debate,Y,P,2026-08-31T02:40:14.158802+00:00
fc8d8955-5dbc-4803-8115-1eca86ad0429,8,1,liar_vote,debate,X,P,2026-08-31T02:40:57.721834+00:00
c3a62a07-4a97-42f8-907a-736b7e1fb7f0,8,1,life_vote,lifeVote,L,P,2026-08-31T02:42:19.311575+00:00
ccfb7b02-d247-4009-8e60-540fe9fe7b0f,8,1,life_vote,lifeVote,Y,P,2026-08-31T02:42:19.997756+00:00
7fddfe8c-6603-45b6-999b-2d788712d97c,8,1,life_vote,lifeVote,X,X,2026-08-31T02:42:22.381595+00:00
f5f7ff54-da21-4306-9bd2-2e4e38b71db1,10,1,liar_vote,debate,I,D,2026-08-31T05:31:20.656867+00:00
7305f9e7-7c5e-476b-a418-8f86af971317,10,1,liar_vote,debate,Q,D,2026-08-31T05:31:25.444524+00:00
76fdabfc-e838-410b-8700-6869c75256f1,10,1,liar_vote,debate,Q,D,2026-08-31T05:31:30.299606+00:00
2eceb4c2-d0a2-43a4-b7f0-0332f9c5a0f7,10,1,liar_vote,debate,M,D,2026-08-31T05:31:31.750932+00:00
ee238e4d-5357-4e26-8d41-90e275457142,10,1,liar_vote,debate,Q,D,2026-08-31T05:31:33.832864+00:00
a2705b58-9d4d-4f67-999f-a95e8ce07555,10,1,life_vote,lifeVote,I,D,2026-08-31T05:32:50.80528+00:00
ec37129c-7c62-4524-8b0c-fae40bfba235,10,1,life_vote,lifeVote,Q,D,2026-08-31T05:32:51.953902+00:00
56242a0a-7907-4f04-a66b-f9b32c485fd2,10,1,life_vote,lifeVote,M,D,2026-08-31T05:32:53.314184+00:00